Type,Place,Year,Foreign Number,Foreign Income,Local Number,Local Income
Botanical Garden,Avissawella,2019,203.0,333250.0,249861.0,16135510.0
Botanical Garden,Gampaha,2019,305.0,481150.0,149324.0,10161660.0
Botanical Garden,Ganewattha,2019,3.0,5000.0,551.0,31670.0
Botanical Garden,Hakgala,2019,21207.0,34096150.0,680744.0,42624540.0
Botanical Garden,Mirijawila,2019,0.0,0.0,0.0,0.0
Botanical Garden,Mirijjawila Botanical Garden,2019,261.0,411850.0,89653.0,4750300.0
Botanical Garden,Peradeniya,2019,309909.0,501765150.0,928069.0,57233540.0
Conservation Forest,Adahalena Ella (Galle),2019,0.0,0.0,0.0,0.0
Conservation Forest,Badagamuwa Ecological Zone,2019,0.0,0.0,0.0,0.0
Conservation Forest,Badulla,2019,0.0,0.0,0.0,0.0
Conservation Forest,Badulla Haputhale,2019,0.0,0.0,0.0,0.0
Conservation Forest,Dolukanda,2019,0.0,0.0,0.0,0.0
Conservation Forest,Ek Gal Oya,2019,0.0,0.0,0.0,0.0
Conservation Forest,Gal Oya,2019,0.0,0.0,0.0,0.0
Conservation Forest,Galwila Eco Park,2019,0.0,0.0,0.0,0.0
Conservation Forest,Geradigala,2019,0.0,0.0,0.0,0.0
Conservation Forest,Hurulu Eco Park,2019,70238.33333333333,17827841.866666667,7120.666666666667,487235.0
Conservation Forest,Kande Ela Forest,2019,0.0,0.0,0.0,0.0
Conservation Forest,Kande Ela Nuwara Eliya,2019,0.0,0.0,0.0,0.0
Conservation Forest,Kanneliya Conservation Forest,2019,1985.0,0.7,0.0,0.0
Conservation Forest,Knuckles Conservation Forest,2019,1964.0,0.6,0.0,0.0
Conservation Forest,Kottawa Conservation Forest,2019,168.0,0.05,0.0,0.0
Conservation Forest,Kurulukele,2019,0.0,0.0,0.0,0.0
Conservation Forest,Makandawa Conservation Forest,2019,814.0,2.8,0.0,0.0
Conservation Forest,Mandaramnuwara,2019,0.0,0.0,0.0,0.0
Conservation Forest,Nuwaragala,2019,0.0,0.0,0.0,0.0
Conservation Forest,Piduruthalagala,2019,0.0,0.0,0.0,0.0
Conservation Forest,Rathna Ella,2019,0.0,0.0,0.0,0.0
Conservation Forest,Rathna Ella (Kandy),2019,0.0,0.0,0.0,0.0
Conservation Forest,Sinharaja Conservation Forest,2019,13877.0,4.4,0.0,0.0
Conservation Forest,Udawattakele Conservation Forest,2019,12969.0,3.8,0.0,0.0
Conservation Forest,Yahangala,2019,0.0,0.0,0.0,0.0
Cultural Triangle,Abhayagiriya,2019,1352.0,5810773.5,32348.0,580902.0
Cultural Triangle,Apegama,2019,1202.3333333333333,779952.0333333333,60264.33333333333,3951183.333333333
Cultural Triangle,Buduruwagala,2019,31263.0,11046752.87,0.0,0.0
Cultural Triangle,Dambulla,2019,0.0,0.0,0.0,0.0
Cultural Triangle,Dambulla Museum,2019,315.3333333333333,117658.11111111111,574.1111111111111,14333.333333333332
Cultural Triangle,Galle,2019,0.0,0.0,0.0,0.0
Cultural Triangle,Galle Museum,2019,12427.0,10979817.29777778,51593.11111111111,1838034.4444444445
Cultural Triangle,Ibbankatuwa,2019,0.0,0.0,0.0,0.0
Cultural Triangle,Ibbankatuwa Ancient Burial Ground,2019,1002.0,338153.99,30442.0,580580.0
Cultural Triangle,Jaffna Fort,2019,0.0,0.0,0.0,0.0
Cultural Triangle,Jethawanaya,2019,70397.0,305492981.98,7910.0,144850.0
Cultural Triangle,Kandy,2019,0.0,0.0,0.0,0.0
Cultural Triangle,Kandy Museum,2019,179.88888888888889,44402.89333333333,6201.444444444444,130038.22222222222
Cultural Triangle,Kataragama,2019,0.0,0.0,0.0,0.0
Cultural Triangle,Kataragama Museum,2019,66.22222222222223,65903.11111111111,8748.222222222223,192188.88888888888
Cultural Triangle,Lahugala,2019,254.0,86868.0,0.0,0.0
Cultural Triangle,Namal Uyana,2019,1753.0,1529350.45,70150.0,1393100.0
Cultural Triangle,Polonnaruwa,2019,181778.0,807397086.47,65880.0,2600225.0
Cultural Triangle,Ramba,2019,31.0,11204.0,0.0,0.0
Cultural Triangle,Rathugala,2019,0.0,0.0,0.0,0.0
Cultural Triangle,Ritigala,2019,0.0,0.0,0.0,0.0
Cultural Triangle,Ritigala Forest Monastery,2019,9207.0,2339342.0,52788.0,845500.0
Cultural Triangle,Sigiriya,2019,414575.0,2138587022.76,611310.0,27130650.0
Cultural Triangle,Trincomalee,2019,0.0,0.0,0.0,0.0
Cultural Triangle,Yapahuwa,2019,4660.0,3325575.56,0.0,0.0
Museum,Anuradapura Folk Museum,2019,126.0,12600.0,724.0,2748.0
Museum,Anuradhapura Folk Museum,2019,0.0,0.0,0.0,0.0
Museum,Colombo National Museum,2019,49736.0,49800000.0,169792.0,7945190.0
Museum,Dambulla Museum,2019,321.0,111986.0,560.0,8100.0
Museum,Dutch Museum,2019,0.0,0.0,0.0,0.0
Museum,Galle Maritime Museum,2019,3247.0,983450.0,83605.0,3289050.0
Museum,Galle Museum,2019,12661.0,10217489.46,51286.0,1505295.0
Museum,Galle National Museum,2019,5038.0,1492850.0,25327.0,2258750.0
Museum,Hambantota National Museum,2019,58.0,0.0002,0.0,0.0
Museum,Independence Memorial Museum,2019,1298.0,369900.0,21801.0,168950.0
Museum,Kandy Museum,2019,176.0,41687.13,5818.0,95418.0
Museum,Kandy National Museum,2019,2747.0,1264200.0,15499.0,361069.0
Museum,Kataragama Museum,2019,68.0,61725.0,9266.0,164000.0
Museum,Natural History Museum,2019,2509.0,2144060.0,44804.0,11163880.0
Museum,Polonnaruwa Museum,2019,118.0,11200.0,0.0,0.0
Museum,Rathnapura National Museum,2019,0.0,0.0,0.0,0.0
Other,Apegama,2019,1356.0,855476.05,84123.0,5513260.0
Wildlife Park,Angammedilla,2019,0.0,0.0,0.0,0.0
Wildlife Park,Bar Reef - Kalpitiya,2019,0.0,0.0,0.0,0.0
Wildlife Park,Bundala,2019,0.0,0.0,0.0,0.0
Wildlife Park,Eth Athuru Sevana,2019,0.0,0.0,0.0,0.0
Wildlife Park,Galoya,2019,0.0,0.0,0.0,0.0
Wildlife Park,Galways Land,2019,0.0,0.0,0.0,0.0
Wildlife Park,Girithale,2019,0.0,0.0,0.0,0.0
Wildlife Park,Hikkaduwa,2019,0.0,0.0,0.0,0.0
Wildlife Park,Horagolla,2019,0.0,0.0,0.0,0.0
Wildlife Park,Horton Plains,2019,0.0,0.0,0.0,0.0
Wildlife Park,Hurulu Eco Park,2019,82724.0,62.8,0.0,0.0
Wildlife Park,Kalawewa,2019,0.0,0.0,0.0,0.0
Wildlife Park,Kaudulla,2019,0.0,0.0,0.0,0.0
Wildlife Park,Kumana,2019,0.0,0.0,0.0,0.0
Wildlife Park,Kumana Bird Sanctuary,2019,11471.0,0.07,0.0,0.0
Wildlife Park,Lahugala,2019,398.5,314611.5,0.0,0.0
Wildlife Park,Lunugamwehera,2019,0.0,0.0,0.0,0.0
Wildlife Park,Maduruoya,2019,0.0,0.0,0.0,0.0
Wildlife Park,Minneriya,2019,0.0,0.0,0.0,0.0
Wildlife Park,Mirissa,2019,0.0,0.0,0.0,0.0
Wildlife Park,Pigeon Island,2019,0.0,0.0,0.0,0.0
Wildlife Park,Udawalawa,2019,175251.0,2.6,0.0,0.0
Wildlife Park,Wasgomuwa,2019,0.0,0.0,0.0,0.0
Wildlife Park,Wilpattu,2019,63543.0,0.4,0.0,0.0
Wildlife Park,Yala,2019,206843.0,3.0,0.0,0.0
Zoological Garden,Dehiwala,2019,23667.0,35609400.0,1123287.0,97826210.0
Zoological Garden,Pinnawala,2019,198399.0,436803000.0,484268.0,93307460.0
Zoological Garden,Pinnawala,2019,3545.0,2188250.0,293658.0,24462010.0
Zoological Garden,Ridiyagama Safari Park,2019,954.0,2343700.0,315284.0,80835540.0
Botanical Garden,Avissawella,2020,121.0,237000.0,133987.0,11383100.0
Botanical Garden,Gampaha,2020,86.0,168000.0,67869.0,6284980.0
Botanical Garden,Ganewattha,2020,2.0,4000.0,405.0,34660.0
Botanical Garden,Hakgala,2020,5562.0,10790200.0,210717.0,16870260.0
Botanical Garden,Mirijawila,2020,60.0,115400.0,40978.0,2791040.0
Botanical Garden,Mirijjawila Botanical Garden,2020,384.0,763387.5,83593.75,5215960.0
Botanical Garden,Peradeniya,2020,87554.0,17051040.0,359456.0,30548640.0
Conservation Forest,Adahalena Ella (Galle),2020,0.0,0.0,0.0,0.0
Conservation Forest,Badagamuwa Ecological Zone,2020,0.0,0.0,0.0,0.0
Conservation Forest,Badulla,2020,0.0,0.0,0.0,0.0
Conservation Forest,Badulla Haputhale,2020,0.0,0.0,0.0,0.0
Conservation Forest,Dolukanda,2020,0.0,0.0,0.0,0.0
Conservation Forest,Ek Gal Oya,2020,0.0,0.0,0.0,0.0
Conservation Forest,Gal Oya,2020,0.0,0.0,0.0,0.0
Conservation Forest,Galwila Eco Park,2020,0.0,0.0,0.0,0.0
Conservation Forest,Geradigala,2020,0.0,0.0,0.0,0.0
Conservation Forest,Hurulu Eco Park,2020,45267.0,53483400.0,21362.0,1461705.0
Conservation Forest,Kande Ela Forest,2020,0.0,0.0,0.0,0.0
Conservation Forest,Kande Ela Nuwara Eliya,2020,0.0,0.0,0.0,0.0
Conservation Forest,Kanneliya Conservation Forest,2020,868.0,586600.0,18959.0,475425.0
Conservation Forest,Knuckles Conservation Forest,2020,491.0,326508.0,38161.0,1017069.0
Conservation Forest,Kottawa Conservation Forest,2020,66.0,45500.0,899.0,25767.0
Conservation Forest,Kurulukele,2020,0.0,0.0,0.0,0.0
Conservation Forest,Makandawa Conservation Forest,2020,0.0,0.0,0.0,0.0
Conservation Forest,Mandaramnuwara,2020,0.0,0.0,0.0,0.0
Conservation Forest,Nuwaragala,2020,0.0,0.0,0.0,0.0
Conservation Forest,Piduruthalagala,2020,0.0,0.0,0.0,0.0
Conservation Forest,Rathna Ella,2020,1.0,300.0,1005.0,40600.0
Conservation Forest,Rathna Ella (Kandy),2020,0.0,0.0,0.0,0.0
Conservation Forest,Sinharaja Conservation Forest,2020,5673.0,3937500.0,21343.0,553311.0
Conservation Forest,Udawattakele Conservation Forest,2020,3798.0,3014000.0,10897.0,378665.0
Conservation Forest,Yahangala,2020,0.0,0.0,0.0,0.0
Cultural Triangle,Abhayagiriya,2020,366.0,1521838.0,14815.0,288020.0
Cultural Triangle,Apegama,2020,895.0,628904.0,12547.0,827030.0
Cultural Triangle,Buduruwagala,2020,0.0,0.0,0.0,0.0
Cultural Triangle,Dambulla,2020,8705.0,3124430.0,0.0,0.0
Cultural Triangle,Dambulla Museum,2020,304.0,129002.33333333333,602.3333333333334,26800.0
Cultural Triangle,Galle,2020,3683.0,2897957.0,8387.0,330835.0
Cultural Triangle,Galle Museum,2020,11959.0,12504472.973333335,52207.333333333336,2503513.3333333335
Cultural Triangle,Ibbankatuwa,2020,2119.0,1035992.0,10138.0,190310.0
Cultural Triangle,Ibbankatuwa Ancient Burial Ground,2020,923.75,357136.4925,27568.75,868497.5
Cultural Triangle,Jaffna Fort,2020,0.0,0.0,0.0,0.0
Cultural Triangle,Jethawanaya,2020,16721.0,72829772.0,452.0,8380.0
Cultural Triangle,Kandy,2020,45.0,8196.0,1008.0,17420.0
Cultural Triangle,Kandy Museum,2020,187.66666666666666,49834.42,6968.333333333333,199278.66666666666
Cultural Triangle,Kataragama,2020,805.0,524524.0,1584.0,29200.0
Cultural Triangle,Kataragama Museum,2020,62.666666666666664,74259.33333333333,7712.666666666666,248566.6666666667
Cultural Triangle,Lahugala,2020,543.0,542355.0,0.0,0.0
Cultural Triangle,Namal Uyana,2020,192.0,69010.0,24377.0,415838.0
Cultural Triangle,Polonnaruwa,2020,47517.0,209311802.0,13653.0,551075.0
Cultural Triangle,Ramba,2020,9.0,6631.0,0.0,0.0
Cultural Triangle,Rathugala,2020,0.0,0.0,0.0,0.0
Cultural Triangle,Ritigala,2020,0.0,0.0,19124.0,336710.0
Cultural Triangle,Ritigala Forest Monastery,2020,8685.5,4152273.0,47230.75,983799.5
Cultural Triangle,Sigiriya,2020,103651.0,537489876.0,182093.0,9387175.0
Cultural Triangle,Trincomalee,2020,0.0,0.0,0.0,0.0
Cultural Triangle,Yapahuwa,2020,15.0,13660.0,0.0,0.0
Museum,Anuradapura Folk Museum,2020,126.0,12600.0,724.0,2748.0
Museum,Anuradhapura Folk Museum,2020,25.0,7500.0,1660.0,26050.0
Museum,Colombo National Museum,2020,11762.0,11813400.00001,24541.0,1298670.00001
Museum,Dambulla Museum,2020,309.6666666666667,123330.22222222222,588.2222222222222,20566.666666666664
Museum,Dutch Museum,2020,0.0,0.0,0.0,0.0
Museum,Galle Maritime Museum,2020,1092.0,319800.0,9160.0,122835.0
Museum,Galle Museum,2020,12193.0,11742145.135555556,51900.22222222222,2170773.888888889
Museum,Galle National Museum,2020,1301.0,385050.0,6315.0,82390.0
Museum,Hambantota National Museum,2020,22.0,10800.0,680.0,10990.0
Museum,Independence Memorial Museum,2020,478.0,137400.0,4335.0,34450.0
Museum,Kandy Museum,2020,183.77777777777777,47118.65666666666,6584.888888888889,164658.44444444444
Museum,Kandy National Museum,2020,914.0,542000.0,6099.0,127505.0
Museum,Kataragama Museum,2020,64.44444444444444,70081.22222222222,8230.444444444445,220377.77777777778
Museum,Natural History Museum,2020,1053.0,818000.0,11164.0,459650.0
Museum,Polonnaruwa Museum,2020,83.0,81500.0,30713.0,2338270.0
Museum,Rathnapura National Museum,2020,1.0,500.0,1362.0,35260.0
Other,Apegama,2020,1048.6666666666667,704428.0166666667,36405.666666666664,2389106.6666666665
Wildlife Park,Angammedilla,2020,1.0,0.0,747.0,50283.0
Wildlife Park,Bar Reef - Kalpitiya,2020,2347.0,3349492.0,7054.0,139190.0
Wildlife Park,Bundala,2020,2258.0,4271151.0,4520.0,176400.0
Wildlife Park,Eth Athuru Sevana,2020,15906.0,7818750.0,25436.0,438805.0
Wildlife Park,Galoya,2020,892.0,487966.0,4950.0,122190.0
Wildlife Park,Galways Land,2020,0.0,0.0,1519.0,59140.0
Wildlife Park,Girithale,2020,0.0,0.0,0.0,0.0
Wildlife Park,Hikkaduwa,2020,2474.0,75433.0,9284.0,43943.0
Wildlife Park,Horagolla,2020,5.0,9050.0,3331.0,126210.0
Wildlife Park,Horton Plains,2020,20382.0,51945787.0,100644.0,5761610.0
Wildlife Park,Hurulu Eco Park,2020,57752.66666666667,35655620.93333333,14241.333333333334,974470.0
Wildlife Park,Kalawewa,2020,0.0,0.0,410.0,16400.0
Wildlife Park,Kaudulla,2020,118.0,166238.0,15690.0,486720.0
Wildlife Park,Kumana,2020,570.0,1081675.0,14334.0,734120.0
Wildlife Park,Kumana Bird Sanctuary,2020,11471.0,0.07,0.0,0.0
Wildlife Park,Lahugala,2020,0.0,0.0,299.0,11060.0
Wildlife Park,Lunugamwehera,2020,189.0,349236.0,1857.0,83180.0
Wildlife Park,Maduruoya,2020,161.0,303375.0,1811.0,83740.0
Wildlife Park,Minneriya,2020,1520.0,4113122.0,27060.0,1564890.0
Wildlife Park,Mirissa,2020,43234.0,75363078.0,3412.0,379003.0
Wildlife Park,Pigeon Island,2020,1181.0,2119130.0,28114.0,1086050.0
Wildlife Park,Udawalawa,2020,53507.0,144079040.0,67953.0,3964530.0
Wildlife Park,Wasgomuwa,2020,626.0,269628.0,9461.0,244980.0
Wildlife Park,Wilpattu,2020,7365.0,19869736.0,31737.0,1885079.0
Wildlife Park,Yala,2020,67137.0,179408732.0,161330.0,16195691.0
Zoological Garden,Dehiwala,2020,5058.0,9662100.0,301897.0,28536370.0
Zoological Garden,Pinnawala,2020,48326.0,102508650.0,126214.0,11178680.0
Zoological Garden,Pinnawala,2020,704.0,481950.0,94277.0,8686750.0
Zoological Garden,Ridiyagama Safari Park,2020,401.0,1066400.0,106821.0,29654420.0
Botanical Garden,Avissawella,2021,175.66666666666666,358174.3333333333,156979.66666666666,15445216.666666666
Botanical Garden,Gampaha,2021,112.33333333333333,526833.3333333333,88414.66666666667,9881220.0
Botanical Garden,Ganewattha,2021,3.0,6333.333333333334,480.3333333333333,49180.0
Botanical Garden,Hakgala,2021,8656.0,19412633.333333336,323392.0,32336886.666666664
Botanical Garden,Mirijawila,2021,233.25,541050.0,47087.5,3746515.0
Botanical Garden,Mirijjawila Botanical Garden,2021,507.0,1114925.0,77534.5,5681620.0
Botanical Garden,Peradeniya,2021,128928.33333333334,187473926.66666666,565593.6666666666,57851330.0
Conservation Forest,Adahalena Ella (Galle),2021,0.0,0.0,0.0,0.0
Conservation Forest,Badagamuwa Ecological Zone,2021,0.0,0.0,0.0,0.0
Conservation Forest,Badulla,2021,0.0,0.0,0.0,0.0
Conservation Forest,Badulla Haputhale,2021,0.0,0.0,0.0,0.0
Conservation Forest,Dolukanda,2021,0.0,0.0,0.0,0.0
Conservation Forest,Ek Gal Oya,2021,0.0,0.0,0.0,0.0
Conservation Forest,Gal Oya,2021,0.0,0.0,0.0,0.0
Conservation Forest,Galwila Eco Park,2021,0.0,0.0,0.0,0.0
Conservation Forest,Geradigala,2021,0.0,0.0,0.0,0.0
Conservation Forest,Hurulu Eco Park,2021,52717.333333333336,74194730.33333333,28769.666666666668,3420441.0
Conservation Forest,Kande Ela Forest,2021,0.0,0.0,123.66666666666667,4448.0
Conservation Forest,Kande Ela Nuwara Eliya,2021,0.0,0.0,0.0,0.0
Conservation Forest,Kanneliya Conservation Forest,2021,1154.0,965153.6666666667,23885.666666666668,1176285.0
Conservation Forest,Knuckles Conservation Forest,2021,6321.333333333333,1233410.0,66515.0,3060444.0
Conservation Forest,Kottawa Conservation Forest,2021,106.0,64194.33333333333,994.3333333333334,40672.0
Conservation Forest,Kurulukele,2021,0.0,0.0,588.3333333333334,31663.333333333332
Conservation Forest,Makandawa Conservation Forest,2021,185.66666666666666,137217.66666666666,497.0,26726.0
Conservation Forest,Mandaramnuwara,2021,0.0,0.0,0.0,0.0
Conservation Forest,Nuwaragala,2021,0.0,0.0,0.0,0.0
Conservation Forest,Piduruthalagala,2021,0.0,0.0,0.0,0.0
Conservation Forest,Rathna Ella,2021,213.33333333333334,157481.0,2362.0,128255.0
Conservation Forest,Rathna Ella (Kandy),2021,0.0,0.0,0.0,0.0
Conservation Forest,Sinharaja Conservation Forest,2021,7859.333333333334,6632063.0,29279.666666666668,1968709.3333333333
Conservation Forest,Udawattakele Conservation Forest,2021,3847.6666666666665,3024117.3333333335,14525.0,644818.6666666667
Conservation Forest,Yahangala,2021,0.0,0.0,0.0,0.0
Cultural Triangle,Abhayagiriya,2021,572.0,3761367.0,16103.666666666666,771446.6666666667
Cultural Triangle,Apegama,2021,895.0,628904.0,12547.0,827030.0
Cultural Triangle,Buduruwagala,2021,7665.333333333333,4925630.666666667,0.0,0.0
Cultural Triangle,Dambulla,2021,8705.0,3124430.0,0.0,0.0
Cultural Triangle,Dambulla Museum,2021,292.6666666666667,140346.55555555556,630.5555555555555,39266.666666666664
Cultural Triangle,Galle,2021,3683.0,2897957.0,8387.0,330835.0
Cultural Triangle,Galle Museum,2021,11491.0,14029128.64888889,52821.555555555555,3168992.222222222
Cultural Triangle,Ibbankatuwa,2021,2119.0,1035992.0,10138.0,190310.0
Cultural Triangle,Ibbankatuwa Ancient Burial Ground,2021,845.5,376118.995,24695.5,1156415.0
Cultural Triangle,Jaffna Fort,2021,0.0,0.0,0.0,0.0
Cultural Triangle,Jethawanaya,2021,24610.666666666668,141514011.0,5268.666666666667,444824.3333333333
Cultural Triangle,Kandy,2021,45.0,8196.0,1008.0,17420.0
Cultural Triangle,Kandy Museum,2021,195.44444444444446,55265.94666666666,7735.222222222223,268519.1111111111
Cultural Triangle,Kataragama,2021,805.0,524524.0,1584.0,29200.0
Cultural Triangle,Kataragama Museum,2021,59.111111111111114,82615.55555555556,6677.111111111111,304944.44444444444
Cultural Triangle,Lahugala,2021,72.0,22505.6,239.2,8848.0
Cultural Triangle,Namal Uyana,2021,475.0,463268.6666666667,30098.333333333332,886736.0
Cultural Triangle,Polonnaruwa,2021,68316.33333333333,397179734.3333334,18366.666666666668,1234841.6666666665
Cultural Triangle,Ramba,2021,31.333333333333332,20612.666666666664,0.0,0.0
Cultural Triangle,Rathugala,2021,0.0,0.0,0.0,0.0
Cultural Triangle,Ritigala,2021,0.0,0.0,19124.0,336710.0
Cultural Triangle,Ritigala Forest Monastery,2021,8164.0,5965204.0,41673.5,1122099.0
Cultural Triangle,Sigiriya,2021,159925.66666666666,1149445924.3333335,330632.6666666666,25522766.666666664
Cultural Triangle,Trincomalee,2021,0.0,0.0,0.0,0.0
Cultural Triangle,Yapahuwa,2021,15.0,13660.0,0.0,0.0
Museum,Anuradapura Folk Museum,2021,126.0,12600.0,724.0,2748.0
Museum,Anuradhapura Folk Museum,2021,16.666666666666664,5000.0,1106.6666666666665,17366.666666666664
Museum,Colombo National Museum,2021,18723.000033333334,21222647.666706666,77001.6667,4635510.00004
Museum,Dambulla Museum,2021,298.3333333333333,134674.44444444444,616.4444444444445,33033.33333333333
Museum,Dutch Museum,2021,0.0,0.0,0.0,0.0
Museum,Galle Maritime Museum,2021,1878.6666666666665,832800.0,19952.666666666664,562385.0
Museum,Galle Museum,2021,11725.0,13266800.811111111,52514.444444444445,2836252.777777778
Museum,Galle National Museum,2021,2022.0,881433.3333333333,14800.666666666666,399601.6666666667
Museum,Hambantota National Museum,2021,90.66666666666667,48600.0,934.6666666666666,28203.333333333332
Museum,Independence Memorial Museum,2021,680.6666666666666,270066.6666666666,7587.666666666666,184096.66666666666
Museum,Kandy Museum,2021,191.55555555555554,52550.183333333334,7351.777777777777,233898.88888888888
Museum,Kandy National Museum,2021,1264.6666666666667,751000.0,10618.333333333332,505943.3333333333
Museum,Kataragama Museum,2021,60.888888888888886,78437.44444444444,7194.888888888889,276755.55555555556
Museum,Natural History Museum,2021,2125.666666666667,2345033.333333333,37596.66666666667,2024493.3333333333
Museum,Polonnaruwa Museum,2021,91.0,95933.33333333333,36026.666666666664,2520796.6666666665
Museum,Rathnapura National Museum,2021,40.666666666666664,23100.0,9490.333333333332,602051.6666666666
Other,Apegama,2021,895.0,628904.0,12547.0,827030.0
Wildlife Park,Angammedilla,2021,19820.666666666668,344.3333333333333,498.66666666666663,36174.0
Wildlife Park,Bar Reef - Kalpitiya,2021,64241.333333333336,2236347.0,5343.333333333333,1757532.6666666667
Wildlife Park,Bundala,2021,111625.33333333333,2850673.333333333,4390.333333333333,5476015.333333333
Wildlife Park,Eth Athuru Sevana,2021,3276960.6666666665,5270392.0,37489.333333333336,33350868.333333332
Wildlife Park,Galoya,2021,109104.66666666667,329917.0,4727.0,2327772.6666666665
Wildlife Park,Galways Land,2021,265263.3333333333,5063.666666666667,1126.3333333333333,472493.3333333333
Wildlife Park,Girithale,2021,0.0,0.0,0.0,0.0
Wildlife Park,Hikkaduwa,2021,401066.0,61104.333333333336,6651.0,698517.0
Wildlife Park,Horagolla,2021,143776.66666666666,9710.0,2227.0,93992.66666666667
Wildlife Park,Horton Plains,2021,10329288.0,34712426.66666667,77412.66666666667,86263589.0
Wildlife Park,Hurulu Eco Park,2021,48992.166666666664,63839065.166666664,25065.833333333332,2441073.0
Wildlife Park,Kalawewa,2021,6000.0,295.6666666666667,313.6666666666667,47535.0
Wildlife Park,Kaudulla,2021,2246678.6666666665,142366.33333333334,26813.0,128762561.0
Wildlife Park,Kumana,2021,1797173.3333333333,730626.6666666667,11978.333333333334,9675127.333333334
Wildlife Park,Kumana Bird Sanctuary,2021,11471.0,0.07,0.0,0.0
Wildlife Park,Lahugala,2021,144.0,45011.2,179.4,6636.0
Wildlife Park,Lunugamwehera,2021,189.0,349236.0,1857.0,83180.0
Wildlife Park,Maduruoya,2021,31150.666666666668,202896.3333333333,1312.3333333333333,448294.0
Wildlife Park,Minneriya,2021,1485983.3333333333,2762769.333333333,25096.666666666668,40262483.0
Wildlife Park,Mirissa,2021,556322.6666666667,50267705.0,22574.666666666668,55605347.0
Wildlife Park,Pigeon Island,2021,2626224.0,1433878.6666666665,21870.666666666668,22557557.666666668
Wildlife Park,Udawalawa,2021,4894271.333333333,96115489.33333334,75244.33333333333,244372043.0
Wildlife Park,Wasgomuwa,2021,173744.0,183205.6666666667,6756.333333333334,1922928.0
Wildlife Park,Wilpattu,2021,2446676.6666666665,13271185.0,29481.333333333332,67736562.0
Wildlife Park,Yala,2021,12728112.666666666,119761300.33333334,179077.33333333334,580272664.0
Zoological Garden,Dehiwala,2021,8651.0,24795711.333333336,625568.6666666667,99994800.0
Zoological Garden,Pinnawala,2021,38758.333333333336,145072562.0,213704.3333333333,33168323.333333332
Zoological Garden,Ridiyagama Safari Park,2021,1980.0,7281025.666666667,145193.33333333334,47968013.33333333
Botanical Garden,Avissawella,2022,230.33333333333331,479348.6666666666,179972.33333333334,19507333.333333332
Botanical Garden,Gampaha,2022,138.66666666666666,885666.6666666666,108960.33333333334,13477460.0
Botanical Garden,Ganewattha,2022,4.0,8666.666666666668,555.6666666666666,63700.0
Botanical Garden,Hakgala,2022,11750.0,28035066.666666668,436067.0,47803513.33333333
Botanical Garden,Mirijawila,2022,406.5,966700.0,53197.0,4701990.0
Botanical Garden,Mirijjawila Botanical Garden,2022,630.0,1466462.5,71475.25,6147280.0
Botanical Garden,Peradeniya,2022,170302.6666666667,357896813.3333333,771731.3333333333,85154020.0
Conservation Forest,Adahalena Ella (Galle),2022,0.0,0.0,0.0,0.0
Conservation Forest,Badagamuwa Ecological Zone,2022,0.0,0.0,0.0,0.0
Conservation Forest,Badulla,2022,0.0,0.0,0.0,0.0
Conservation Forest,Badulla Haputhale,2022,0.0,0.0,0.0,0.0
Conservation Forest,Dolukanda,2022,0.0,0.0,0.0,0.0
Conservation Forest,Ek Gal Oya,2022,0.0,0.0,0.0,0.0
Conservation Forest,Gal Oya,2022,0.0,0.0,0.0,0.0
Conservation Forest,Galwila Eco Park,2022,0.0,0.0,0.0,0.0
Conservation Forest,Geradigala,2022,0.0,0.0,0.0,0.0
Conservation Forest,Hurulu Eco Park,2022,60167.666666666664,94906060.66666666,36177.333333333336,5379177.0
Conservation Forest,Kande Ela Forest,2022,0.0,0.0,247.33333333333334,8896.0
Conservation Forest,Kande Ela Nuwara Eliya,2022,0.0,0.0,0.0,0.0
Conservation Forest,Kanneliya Conservation Forest,2022,1440.0,1343707.3333333335,28812.333333333336,1877145.0
Conservation Forest,Knuckles Conservation Forest,2022,12151.666666666666,2140312.0,94869.0,5103819.0
Conservation Forest,Kottawa Conservation Forest,2022,146.0,82888.66666666666,1089.6666666666667,55577.0
Conservation Forest,Kurulukele,2022,0.0,0.0,1176.6666666666667,63326.666666666664
Conservation Forest,Makandawa Conservation Forest,2022,371.3333333333333,274435.3333333333,994.0,53452.0
Conservation Forest,Mandaramnuwara,2022,0.0,0.0,0.0,0.0
Conservation Forest,Nuwaragala,2022,0.0,0.0,0.0,0.0
Conservation Forest,Piduruthalagala,2022,0.0,0.0,0.0,0.0
Conservation Forest,Rathna Ella,2022,425.6666666666667,314662.0,3719.0,215910.0
Conservation Forest,Rathna Ella (Kandy),2022,0.0,0.0,0.0,0.0
Conservation Forest,Sinharaja Conservation Forest,2022,10045.666666666668,9326626.0,37216.333333333336,3384107.6666666665
Conservation Forest,Udawattakele Conservation Forest,2022,3897.3333333333335,3034234.6666666665,18153.0,910972.3333333334
Conservation Forest,Yahangala,2022,0.0,0.0,0.0,0.0
Cultural Triangle,Abhayagiriya,2022,778.0,6000896.0,17392.333333333332,1254873.3333333335
Cultural Triangle,Apegama,2022,895.0,628904.0,12547.0,827030.0
Cultural Triangle,Buduruwagala,2022,15330.666666666666,9851261.333333334,0.0,0.0
Cultural Triangle,Dambulla,2022,8705.0,3124430.0,0.0,0.0
Cultural Triangle,Dambulla Museum,2022,281.3333333333333,151690.77777777778,658.7777777777778,51733.33333333333
Cultural Triangle,Galle,2022,3683.0,2897957.0,8387.0,330835.0
Cultural Triangle,Galle Museum,2022,11023.0,15553784.324444445,53435.77777777778,3834471.111111111
Cultural Triangle,Ibbankatuwa,2022,2119.0,1035992.0,10138.0,190310.0
Cultural Triangle,Ibbankatuwa Ancient Burial Ground,2022,767.25,395101.4975,21822.25,1444332.5
Cultural Triangle,Jaffna Fort,2022,0.0,0.0,0.0,0.0
Cultural Triangle,Jethawanaya,2022,32500.333333333336,210198250.0,10085.333333333334,881268.6666666666
Cultural Triangle,Kandy,2022,45.0,8196.0,1008.0,17420.0
Cultural Triangle,Kandy Museum,2022,203.22222222222223,60697.473333333335,8502.111111111111,337759.5555555555
Cultural Triangle,Kataragama,2022,805.0,524524.0,1584.0,29200.0
Cultural Triangle,Kataragama Museum,2022,55.55555555555556,90971.77777777778,5641.555555555555,361322.22222222225
Cultural Triangle,Lahugala,2022,216.0,67516.79999999999,119.60000000000001,4424.0
Cultural Triangle,Namal Uyana,2022,758.0,857527.3333333334,35819.666666666664,1357634.0
Cultural Triangle,Polonnaruwa,2022,89115.66666666666,585047666.6666667,23080.333333333336,1918608.3333333333
Cultural Triangle,Ramba,2022,53.666666666666664,34594.33333333333,0.0,0.0
Cultural Triangle,Rathugala,2022,0.0,0.0,0.0,0.0
Cultural Triangle,Ritigala,2022,0.0,0.0,19124.0,336710.0
Cultural Triangle,Ritigala Forest Monastery,2022,7642.5,7778135.0,36116.25,1260398.5
Cultural Triangle,Sigiriya,2022,216200.3333333333,1761401972.6666667,479172.3333333333,41658358.33333333
Cultural Triangle,Trincomalee,2022,0.0,0.0,0.0,0.0
Cultural Triangle,Yapahuwa,2022,15.0,13660.0,0.0,0.0
Museum,Anuradapura Folk Museum,2022,126.0,12600.0,724.0,2748.0
Museum,Anuradhapura Folk Museum,2022,8.333333333333332,2500.0,553.3333333333333,8683.333333333332
Museum,Colombo National Museum,2022,25684.000066666667,30631895.333403334,129462.3334,7972350.00007
Museum,Dambulla Museum,2022,287.0,146018.66666666666,644.6666666666666,45500.0
Museum,Dutch Museum,2022,0.0,0.0,0.0,0.0
Museum,Galle Maritime Museum,2022,2665.333333333333,1345800.0,30745.333333333332,1001935.0
Museum,Galle Museum,2022,11257.0,14791456.486666666,53128.666666666664,3501731.6666666665
Museum,Galle National Museum,2022,2743.0,1377816.6666666665,23286.333333333332,716813.3333333334
Museum,Hambantota National Museum,2022,159.33333333333334,86400.0,1189.3333333333333,45416.666666666664
Museum,Independence Memorial Museum,2022,883.3333333333333,402733.3333333333,10840.333333333332,333743.3333333333
Museum,Kandy Museum,2022,199.33333333333334,57981.71,8118.666666666667,303139.3333333333
Museum,Kandy National Museum,2022,1615.3333333333335,960000.0,15137.666666666666,884381.6666666666
Museum,Kataragama Museum,2022,57.333333333333336,86793.66666666667,6159.333333333333,333133.3333333334
Museum,Natural History Museum,2022,3198.3333333333335,3872066.6666666665,64029.333333333336,3589336.6666666665
Museum,Polonnaruwa Museum,2022,99.0,110366.66666666667,41340.333333333336,2703323.3333333335
Museum,Rathnapura National Museum,2022,80.33333333333333,45700.0,17618.666666666664,1168843.3333333333
Other,Apegama,2022,895.0,628904.0,12547.0,827030.0
Wildlife Park,Angammedilla,2022,39640.333333333336,688.6666666666666,250.33333333333331,22065.0
Wildlife Park,Bar Reef - Kalpitiya,2022,126135.66666666667,1123202.0,3632.6666666666665,3375875.3333333335
Wildlife Park,Bundala,2022,220992.66666666666,1430195.6666666665,4260.666666666667,10775630.666666666
Wildlife Park,Eth Athuru Sevana,2022,6538015.333333333,2722034.0,49542.66666666667,66262931.666666664
Wildlife Park,Galoya,2022,217317.33333333334,171868.0,4504.0,4533355.333333333
Wildlife Park,Galways Land,2022,530526.6666666666,10127.333333333334,733.6666666666666,885846.6666666666
Wildlife Park,Girithale,2022,0.0,0.0,0.0,0.0
Wildlife Park,Hikkaduwa,2022,799658.0,46775.66666666667,4018.0,1353091.0
Wildlife Park,Horagolla,2022,287548.3333333333,10370.0,1123.0,61775.333333333336
Wildlife Park,Horton Plains,2022,20638194.0,17479066.333333336,54181.333333333336,166765568.0
Wildlife Park,Hurulu Eco Park,2022,56442.5,84550395.5,32473.5,4399809.0
Wildlife Park,Kalawewa,2022,12000.0,591.3333333333334,217.33333333333334,78670.0
Wildlife Park,Kaudulla,2022,4493239.333333333,118494.66666666666,37936.0,257038402.0
Wildlife Park,Kumana,2022,3593776.6666666665,379578.3333333334,9622.666666666668,18616134.666666668
Wildlife Park,Kumana Bird Sanctuary,2022,11471.0,0.07,0.0,0.0
Wildlife Park,Lahugala,2022,288.0,90022.4,59.80000000000001,2212.0
Wildlife Park,Lunugamwehera,2022,189.0,349236.0,1857.0,83180.0
Wildlife Park,Maduruoya,2022,62140.333333333336,102417.66666666666,813.6666666666666,812848.0
Wildlife Park,Minneriya,2022,2970446.6666666665,1412416.6666666665,23133.333333333332,78960076.0
Wildlife Park,Mirissa,2022,1069411.3333333335,25172332.0,41737.333333333336,110831691.0
Wildlife Park,Pigeon Island,2022,5251267.0,748627.3333333333,15627.333333333334,44029065.333333336
Wildlife Park,Udawalawa,2022,9735035.666666666,48151938.66666667,82535.66666666667,484779556.0
Wildlife Park,Wasgomuwa,2022,346862.0,96783.33333333334,4051.666666666667,3600876.0
Wildlife Park,Wilpattu,2022,4885988.333333333,6672634.0,27225.666666666668,133588045.0
Wildlife Park,Yala,2022,25389088.333333332,60113868.66666667,196824.66666666666,1144349637.0
Zoological Garden,Dehiwala,2022,12244.0,39929322.66666667,949240.3333333334,171453230.0
Zoological Garden,Pinnawala,2022,76812.66666666667,289663174.0,333131.6666666666,57649896.666666664
Zoological Garden,Ridiyagama Safari Park,2022,3559.0,13495651.333333334,183565.6666666667,66281606.666666664
Botanical Garden,Avissawella,2023,285.0,600523.0,202965.0,23569450.0
Botanical Garden,Gampaha,2023,165.0,1244500.0,129506.0,17073700.0
Botanical Garden,Ganewattha,2023,5.0,11000.0,631.0,78220.0
Botanical Garden,Hakgala,2023,14844.0,36657500.0,548742.0,63270140.0
Botanical Garden,Mirijawila,2023,579.75,1392350.0,59306.5,5657465.0
Botanical Garden,Mirijjawila Botanical Garden,2023,753.0,1818000.0,65416.0,6612940.0
Botanical Garden,Peradeniya,2023,211677.0,528319700.0,977869.0,112456710.0
Conservation Forest,Adahalena Ella (Galle),2023,0.0,0.0,0.0,0.0
Conservation Forest,Badagamuwa Ecological Zone,2023,1.0,522.0,5752.0,234956.0
Conservation Forest,Badulla,2023,0.0,0.0,0.0,0.0
Conservation Forest,Badulla Haputhale,2023,10972.0,7779054.0,8336.0,492141.0
Conservation Forest,Dolukanda,2023,7.0,4590.0,2119.0,133650.0
Conservation Forest,Ek Gal Oya,2023,0.0,0.0,205.0,0.0
Conservation Forest,Gal Oya,2023,2401.0,1866130.0,654.0,67096.0
Conservation Forest,Galwila Eco Park,2023,9.0,6885.0,153.0,15285.0
Conservation Forest,Geradigala,2023,1.0,783.0,278.0,29009.0
Conservation Forest,Hurulu Eco Park,2023,67618.0,115617391.0,43585.0,7337913.0
Conservation Forest,Kande Ela Forest,2023,0.0,0.0,371.0,13344.0
Conservation Forest,Kande Ela Nuwara Eliya,2023,0.0,0.0,0.0,0.0
Conservation Forest,Kanneliya Conservation Forest,2023,1726.0,1722261.0,33739.0,2578005.0
Conservation Forest,Knuckles Conservation Forest,2023,17982.0,3047214.0,123223.0,7147194.0
Conservation Forest,Kottawa Conservation Forest,2023,186.0,101583.0,1185.0,70482.0
Conservation Forest,Kurulukele,2023,0.0,0.0,1765.0,94990.0
Conservation Forest,Makandawa Conservation Forest,2023,557.0,411653.0,1491.0,80178.0
Conservation Forest,Mandaramnuwara,2023,3.0,2348.0,14227.0,847825.0
Conservation Forest,Nuwaragala,2023,0.0,7826.0,1166.0,143375.0
Conservation Forest,Piduruthalagala,2023,54.0,40695.0,15362.0,857685.0
Conservation Forest,Rathna Ella,2023,638.0,471843.0,5076.0,303565.0
Conservation Forest,Rathna Ella (Kandy),2023,0.0,0.0,0.0,0.0
Conservation Forest,Sinharaja Conservation Forest,2023,12232.0,12021189.0,45153.0,4799506.0
Conservation Forest,Udawattakele Conservation Forest,2023,3947.0,3044352.0,21781.0,1177126.0
Conservation Forest,Yahangala,2023,2.0,1565.0,82.0,8557.0
Cultural Triangle,Abhayagiriya,2023,984.0,8240425.0,18681.0,1738300.0
Cultural Triangle,Apegama,2023,895.0,628904.0,12547.0,827030.0
Cultural Triangle,Buduruwagala,2023,22996.0,14776892.0,0.0,0.0
Cultural Triangle,Dambulla,2023,8705.0,3124430.0,0.0,0.0
Cultural Triangle,Dambulla Museum,2023,270.0,163035.0,687.0,64200.0
Cultural Triangle,Galle,2023,3683.0,2897957.0,8387.0,330835.0
Cultural Triangle,Galle Museum,2023,10555.0,17078440.0,54050.0,4499950.0
Cultural Triangle,Ibbankatuwa,2023,2119.0,1035992.0,10138.0,190310.0
Cultural Triangle,Ibbankatuwa Ancient Burial Ground,2023,689.0,414084.0,18949.0,1732250.0
Cultural Triangle,Jaffna Fort,2023,10292.0,12013301.0,244827.0,6972210.0
Cultural Triangle,Jethawanaya,2023,40390.0,278882489.0,14902.0,1317713.0
Cultural Triangle,Kandy,2023,45.0,8196.0,1008.0,17420.0
Cultural Triangle,Kandy Museum,2023,211.0,66129.0,9269.0,407000.0
Cultural Triangle,Kataragama,2023,805.0,524524.0,1584.0,29200.0
Cultural Triangle,Kataragama Museum,2023,52.0,99328.0,4606.0,417700.0
Cultural Triangle,Lahugala,2023,360.0,112528.0,0.0,0.0
Cultural Triangle,Namal Uyana,2023,1041.0,1251786.0,41541.0,1828532.0
Cultural Triangle,Polonnaruwa,2023,109915.0,772915599.0,27794.0,2602375.0
Cultural Triangle,Ramba,2023,76.0,48576.0,0.0,0.0
Cultural Triangle,Rathugala,2023,201.0,100457.0,0.0,24583.0
Cultural Triangle,Ritigala,2023,0.0,0.0,19124.0,336710.0
Cultural Triangle,Ritigala Forest Monastery,2023,7121.0,9591066.0,30559.0,1398698.0
Cultural Triangle,Sigiriya,2023,272475.0,2373358021.0,627712.0,57793950.0
Cultural Triangle,Trincomalee,2023,350.0,947856.0,5047.0,491900.0
Cultural Triangle,Yapahuwa,2023,15.0,13660.0,0.0,0.0
Museum,Anuradapura Folk Museum,2023,126.0,12600.0,724.0,2748.0
Museum,Anuradhapura Folk Museum,2023,0.0,0.0,0.0,0.0
Museum,Colombo National Museum,2023,32645.0001,40041143.0001,181923.0001,11309190.0001
Museum,Dambulla Museum,2023,275.6666666666667,157362.88888888888,672.8888888888889,57966.666666666664
Museum,Dutch Museum,2023,0.0,0.0,0.0,0.0
Museum,Galle Maritime Museum,2023,3452.0,1858800.0,41538.0,1441485.0
Museum,Galle Museum,2023,10789.0,16316112.162222221,53742.88888888889,4167210.5555555555
Museum,Galle National Museum,2023,3464.0,1874200.0,31772.0,1034025.0
Museum,Hambantota National Museum,2023,228.0,124200.0,1444.0,62630.0
Museum,Independence Memorial Museum,2023,1086.0,535400.0,14093.0,483390.0
Museum,Kandy Museum,2023,207.11111111111111,63413.236666666664,8885.555555555555,372379.77777777775
Museum,Kandy National Museum,2023,1966.0,1169000.0,19657.0,1262820.0
Museum,Kataragama Museum,2023,53.77777777777778,95149.88888888889,5123.777777777777,389511.1111111111
Museum,Natural History Museum,2023,4271.0,5399100.0,90462.0,5154180.0
Museum,Polonnaruwa Museum,2023,107.0,124800.0,46654.0,2885850.0
Museum,Rathnapura National Museum,2023,120.0,68300.0,25747.0,1735635.0
Other,Apegama,2023,895.0,628904.0,12547.0,827030.0
Wildlife Park,Angammedilla,2023,59460.0,1033.0,2.0,7956.0
Wildlife Park,Bar Reef - Kalpitiya,2023,188030.0,10057.0,1922.0,4994218.0
Wildlife Park,Bundala,2023,330360.0,9718.0,4131.0,16075246.0
Wildlife Park,Eth Athuru Sevana,2023,9799070.0,173676.0,61596.0,99174995.0
Wildlife Park,Galoya,2023,325530.0,13819.0,4281.0,6738938.0
Wildlife Park,Galways Land,2023,795790.0,15191.0,341.0,1299200.0
Wildlife Park,Girithale,2023,295720.0,8714.0,104.0,64523.0
Wildlife Park,Hikkaduwa,2023,1198250.0,32447.0,1385.0,2007665.0
Wildlife Park,Horagolla,2023,431320.0,11030.0,19.0,29558.0
Wildlife Park,Horton Plains,2023,30947100.0,245706.0,30950.0,247267547.0
Wildlife Park,Hurulu Eco Park,2023,63892.833333333336,105261725.83333333,39881.166666666664,6358545.0
Wildlife Park,Kalawewa,2023,18000.0,887.0,121.0,109805.0
Wildlife Park,Kaudulla,2023,6739800.0,94623.0,49059.0,385314243.0
Wildlife Park,Kumana,2023,5390380.0,28530.0,7267.0,27557142.0
Wildlife Park,Kumana Bird Sanctuary,2023,11471.0,0.07,0.0,0.0
Wildlife Park,Lahugala,2023,25170.0,477.0,40.0,154234.0
Wildlife Park,Lunugamwehera,2023,189.0,349236.0,1857.0,83180.0
Wildlife Park,Maduruoya,2023,93130.0,1939.0,315.0,1177402.0
Wildlife Park,Minneriya,2023,4454910.0,62064.0,21170.0,117657669.0
Wildlife Park,Mirissa,2023,1582500.0,76959.0,60900.0,166058035.0
Wildlife Park,Pigeon Island,2023,7876310.0,63376.0,9384.0,65500573.0
Wildlife Park,Udawalawa,2023,14575800.0,188388.0,89827.0,725187069.0
Wildlife Park,Wasgomuwa,2023,519980.0,10361.0,1347.0,5278824.0
Wildlife Park,Wilpattu,2023,7325300.0,74083.0,24970.0,199439528.0
Wildlife Park,Yala,2023,38050064.0,466437.0,214572.0,1708426610.0
Zoological Garden,Dehiwala,2023,15837.0,55062934.0,1272912.0,242911660.0
Zoological Garden,Pinnawala,2023,114867.0,434253786.0,452559.0,82131470.0
Zoological Garden,Pinnawala,2023,14458.0,19723848.0,263407.0,48253570.0
Zoological Garden,Ridiyagama Safari Park,2023,5138.0,19710277.0,221938.0,84595200.0
Botanical Garden,Avissawella,2024,285.0,600523.0,202965.0,23569450.0
Botanical Garden,Gampaha,2024,165.0,1244500.0,129506.0,17073700.0
Botanical Garden,Ganewattha,2024,5.0,11000.0,631.0,78220.0
Botanical Garden,Hakgala,2024,14844.0,36657500.0,548742.0,63270140.0
Botanical Garden,Mirijawila,2024,753.0,1818000.0,65416.0,6612940.0
Botanical Garden,Mirijjawila Botanical Garden,2024,753.0,1818000.0,65416.0,6612940.0
Botanical Garden,Peradeniya,2024,211677.0,528319700.0,977869.0,112456710.0
Conservation Forest,Adahalena Ella (Galle),2024,1637.0,880911.81,3952.0,351042.5
Conservation Forest,Badagamuwa Ecological Zone,2024,16.0,11822.0,5791.0,320923.62
Conservation Forest,Badulla,2024,19876.0,16152669.13,11441.0,645833.04
Conservation Forest,Badulla Haputhale,2024,10972.0,7779054.0,8336.0,492141.0
Conservation Forest,Dolukanda,2024,7.0,4652.22,190.0,12363.06
Conservation Forest,Ek Gal Oya,2024,0.0,0.0,480.0,396000.0
Conservation Forest,Gal Oya,2024,404.0,317237.3,171.0,17961.87
Conservation Forest,Galwila Eco Park,2024,33.0,8704.3,135.0,33631.3
Conservation Forest,Geradigala,2024,0.0,2065328.95,0.0,292815.43
Conservation Forest,Hurulu Eco Park,2024,176266.0,279367491.5,68561.0,35025805.1
Conservation Forest,Kande Ela Forest,2024,0.0,0.0,371.0,13344.0
Conservation Forest,Kande Ela Nuwara Eliya,2024,2.0,1576.28,1856.0,69386.96
Conservation Forest,Kanneliya Conservation Forest,2024,2781.0,1962660.44,40762.0,3474203.96
Conservation Forest,Knuckles Conservation Forest,2024,6390.0,3456308.75,241881.0,13001071.24
Conservation Forest,Kottawa Conservation Forest,2024,233.0,180407.79,982.0,58969.89
Conservation Forest,Kurulukele,2024,0.0,13878.36,1705.0,88342.58
Conservation Forest,Makandawa Conservation Forest,2024,896.0,667944.66,2085.0,130802.09
Conservation Forest,Mandaramnuwara,2024,8.0,6305.12,23168.0,1419846.8
Conservation Forest,Nuwaragala,2024,0.0,0.0,1315.0,139247.4
Conservation Forest,Piduruthalagala,2024,159.0,122975.28,11718.0,542055.66
Conservation Forest,Rathna Ella,2024,638.0,471843.0,5076.0,303565.0
Conservation Forest,Rathna Ella (Kandy),2024,961.0,813480.62,3647.0,354346.95
Conservation Forest,Sinharaja Conservation Forest,2024,21216.0,20665336.59,48865.0,4681943.06
Conservation Forest,Udawattakele Conservation Forest,2024,9036.0,6861438.05,20577.0,1450145.66
Conservation Forest,Yahangala,2024,0.0,0.0,0.0,0.0
Cultural Triangle,Abhayagiriya,2024,984.0,8240425.0,18681.0,1738300.0
Cultural Triangle,Apegama,2024,895.0,628904.0,12547.0,827030.0
Cultural Triangle,Buduruwagala,2024,22996.0,14776892.0,0.0,0.0
Cultural Triangle,Dambulla,2024,8705.0,3124430.0,0.0,0.0
Cultural Triangle,Dambulla Museum,2024,270.0,163035.0,687.0,64200.0
Cultural Triangle,Galle,2024,3683.0,2897957.0,8387.0,330835.0
Cultural Triangle,Galle Museum,2024,10555.0,17078440.0,54050.0,4499950.0
Cultural Triangle,Ibbankatuwa,2024,2119.0,1035992.0,10138.0,190310.0
Cultural Triangle,Ibbankatuwa Ancient Burial Ground,2024,689.0,414084.0,18949.0,1732250.0
Cultural Triangle,Jaffna Fort,2024,10292.0,12013301.0,244827.0,6972210.0
Cultural Triangle,Jethawanaya,2024,40390.0,278882489.0,14902.0,1317713.0
Cultural Triangle,Kandy,2024,45.0,8196.0,1008.0,17420.0
Cultural Triangle,Kandy Museum,2024,211.0,66129.0,9269.0,407000.0
Cultural Triangle,Kataragama,2024,805.0,524524.0,1584.0,29200.0
Cultural Triangle,Kataragama Museum,2024,52.0,99328.0,4606.0,417700.0
Cultural Triangle,Lahugala,2024,360.0,112528.0,0.0,0.0
Cultural Triangle,Namal Uyana,2024,1041.0,1251786.0,41541.0,1828532.0
Cultural Triangle,Polonnaruwa,2024,109915.0,772915599.0,27794.0,2602375.0
Cultural Triangle,Ramba,2024,76.0,48576.0,0.0,0.0
Cultural Triangle,Rathugala,2024,201.0,100457.0,0.0,24583.0
Cultural Triangle,Ritigala,2024,0.0,0.0,19124.0,336710.0
Cultural Triangle,Ritigala Forest Monastery,2024,7121.0,9591066.0,30559.0,1398698.0
Cultural Triangle,Sigiriya,2024,272475.0,2373358021.0,627712.0,57793950.0
Cultural Triangle,Trincomalee,2024,350.0,947856.0,5047.0,491900.0
Cultural Triangle,Yapahuwa,2024,15.0,13660.0,0.0,0.0
Museum,Anuradapura Folk Museum,2024,126.0,12600.0,724.0,2748.0
Museum,Anuradhapura Folk Museum,2024,0.0,0.0,0.0,0.0
Museum,Colombo National Museum,2024,32645.0001,40041143.0001,181923.0001,11309190.0001
Museum,Dambulla Museum,2024,270.0,163035.0,687.0,64200.0
Museum,Dutch Museum,2024,0.0,0.0,0.0,0.0
Museum,Galle Maritime Museum,2024,3452.0,1858800.0,41538.0,1441485.0
Museum,Galle Museum,2024,10555.0,17078440.0,54050.0,4499950.0
Museum,Galle National Museum,2024,3464.0,1874200.0,31772.0,1034025.0
Museum,Hambantota National Museum,2024,228.0,124200.0,1444.0,62630.0
Museum,Independence Memorial Museum,2024,1086.0,535400.0,14093.0,483390.0
Museum,Kandy Museum,2024,211.0,66129.0,9269.0,407000.0
Museum,Kandy National Museum,2024,1966.0,1169000.0,19657.0,1262820.0
Museum,Kataragama Museum,2024,52.0,99328.0,4606.0,417700.0
Museum,Natural History Museum,2024,4271.0,5399100.0,90462.0,5154180.0
Museum,Polonnaruwa Museum,2024,107.0,124800.0,46654.0,2885850.0
Museum,Rathnapura National Museum,2024,120.0,68300.0,25747.0,1735635.0
Other,Apegama,2024,895.0,628904.0,12547.0,827030.0
Wildlife Park,Angammedilla,2024,5.0,18310.32,637.0,32800.0
Wildlife Park,Bar Reef - Kalpitiya,2024,3146.0,7438774.0,10139.0,214410.0
Wildlife Park,Bundala,2024,7194.0,26033899.6,7469.0,442140.0
Wildlife Park,Eth Athuru Sevana,2024,89157.0,102832902.0,122816.0,7902866.0
Wildlife Park,Galoya,2024,6734.0,23726710.0,7256.0,427770.0
Wildlife Park,Galways Land,2024,674.0,2252146.0,15105.0,734150.0
Wildlife Park,Girithale,2024,295720.0,8714.0,104.0,64523.0
Wildlife Park,Hikkaduwa,2024,1492.0,2063637.0,36421.0,1394160.0
Wildlife Park,Horagolla,2024,45.0,64787.04,11573.0,452980.0
Wildlife Park,Horton Plains,2024,52883.0,394197197.0,296515.0,42651390.0
Wildlife Park,Hurulu Eco Park,2024,121942.0,197492441.25,56073.0,21181859.05
Wildlife Park,Kalawewa,2024,17.0,0.0,527.0,3340.0
Wildlife Park,Kaudulla,2024,21582.0,158348221.33,22334.0,3346510.0
Wildlife Park,Kumana,2024,10980.0,39484171.0,24614.0,1551890.0
Wildlife Park,Kumana Bird Sanctuary,2024,11471.0,0.07,0.0,0.0
Wildlife Park,Lahugala,2024,41.0,139849.2,646.0,37650.0
Wildlife Park,Lunugamwehera,2024,189.0,349236.0,1857.0,83180.0
Wildlife Park,Maduruoya,2024,342.0,1206205.62,1877.0,108130.0
Wildlife Park,Minneriya,2024,76086.0,385523618.45,78397.0,8480300.0
Wildlife Park,Mirissa,2024,1582500.0,76959.0,60900.0,166058035.0
Wildlife Park,Pigeon Island,2024,12535.0,90992485.0,57957.0,8436250.0
Wildlife Park,Udawalawa,2024,128183.0,905924835.48,136509.0,17324600.0
Wildlife Park,Wasgomuwa,2024,2733.0,9690191.14,12538.0,721750.0
Wildlife Park,Wilpattu,2024,54216.0,392679478.04,75903.0,10905450.0
Wildlife Park,Yala,2024,353646.0,2718936703.32,293058.0,44990039.0
Zoological Garden,Dehiwala,2024,15837.0,55062934.0,1272912.0,242911660.0
Zoological Garden,Pinnawala,2024,114867.0,434253786.0,452559.0,82131470.0
Zoological Garden,Pinnawala,2024,14458.0,19723848.0,263407.0,48253570.0
Zoological Garden,Ridiyagama Safari Park,2024,5138.0,19710277.0,221938.0,84595200.0
